Name;ISIN;Symbol;Market;Currency;"Open Price";"High Price";"low Price";"last Price";"last Trade MIC Time";"Time Zone";Volume;Turnover;"Closing Price";"Closing Price DateTime"
"2020 BULKERS";BMG9156K1018;2020;"Oslo Børs";NOK;117,20;117,80;114,20;114,90;"26/06/2025 16:25";CET;113525;13183292,20;114,90;26/06/2025
"5TH PLANET GAMES";DK0060945467;5PG;"Euronext Expand Oslo";NOK;0,862;0,87;0,85;0,87;"26/06/2025 16:25";CET;74692;64245,28;0,87;26/06/2025
"AASEN SPAREBANK";NO0010672181;AASB;"Euronext Growth Oslo";NOK;122,00;122,00;121,00;121,00;"26/06/2025 11:01";CET;95;11545,00;121,00;26/06/2025
"ABG SUNDAL COLLIER";NO0003021909;ABG;"Oslo Børs";NOK;6,65;6,82;6,65;6,81;"26/06/2025 16:25";CET;3404335;23118359,21;6,81;26/06/2025
"ABL GROUP";NO0010715394;ABL;"Oslo Børs";NOK;9,30;9,30;9,22;9,28;"26/06/2025 15:29";CET;33439;309178,76;9,28;26/06/2025
"ADS MARITIME HOLD";CY0108052115;ADS;"Euronext Growth Oslo";NOK;2,04;2,16;2,04;2,16;"25/06/2025 12:32";CET;1505;3070,80;2,16;26/06/2025
"AF GRUPPEN";NO0003078107;AFG;"Oslo Børs";NOK;150,60;150,60;148,80;149,80;"26/06/2025 16:25";CET;18235;2730156,00;149,80;26/06/2025
AGILYX;NO0010872468;AGLX;"Oslo Børs";NOK;26,40;26,70;26,40;26,70;"26/06/2025 16:25";CET;6560;174501,00;26,70;26/06/2025
AIRTHINGS;NO0010895568;AIRX;"Oslo Børs";NOK;1,38;1,38;1,355;1,355;"26/06/2025 16:25";CET;10964;15075,445;1,355;26/06/2025
AKASTOR;NO0010215684;AKAST;"Oslo Børs";NOK;12,32;12,44;12,30;12,30;"26/06/2025 16:25";CET;13285;164419,48;12,30;26/06/2025
AKER;NO0010234552;AKER;"Oslo Børs";NOK;661,00;662,00;653,00;656,00;"26/06/2025 16:25";CET;26685;17518452,00;656,00;26/06/2025
"AKER BIOMARINE";NO0010886625;AKBM;"Oslo Børs";NOK;61,00;61,00;59,40;60,40;"26/06/2025 16:25";CET;13515;810453,90;60,40;26/06/2025
"AKER BP";NO0010345853;AKRBP;"Oslo Børs";NOK;258,10;258,60;254,20;256,30;"26/06/2025 16:26";CET;1201628;307910244,50;256,30;26/06/2025
"AKER CARBON CAPTUR";NO0010890304;ACC;"Oslo Børs";NOK;0,35;0,357;0,30;0,3094;"26/06/2025 16:25";CET;53872209;17164349,0774;0,3094;26/06/2025
"AKER HORIZONS";NO0010921232;AKH;"Oslo Børs";NOK;1,478;1,51;1,478;1,498;"26/06/2025 16:25";CET;365576;546254,856;1,498;26/06/2025
"AKER SOLUTIONS";NO0010716582;AKSO;"Oslo Børs";NOK;33,66;35,28;33,60;34,94;"26/06/2025 16:25";CET;498361;17302289,90;34,94;26/06/2025
"AKOBO MINERALS";SE0015193412;AKOBO;"Euronext Growth Oslo";NOK;1,375;1,375;1,19;1,31;"26/06/2025 16:25";CET;173459;210911,70;1,31;26/06/2025
"AKVA GROUP";NO0003097503;AKVA;"Oslo Børs";NOK;82,80;84,00;82,80;82,80;"26/06/2025 16:25";CET;2254;189064,60;82,80;26/06/2025
"ALTERNUS ENERGY GR";IE00BLRPRP89;ALT;"Euronext Growth Oslo";NOK;0,37;0,37;0,32;0,36;"26/06/2025 15:50";CET;143381;49477,59;0,36;26/06/2025
AMSC;NO0010272065;AMSC;"Oslo Børs";NOK;1,47;1,476;1,47;1,472;"26/06/2025 16:25";CET;573673;843992,48;1,472;26/06/2025
"ANDFJORD SALMON GR";NO0010829765;ANDF;"Euronext Growth Oslo";NOK;32,40;33,30;31,90;33,30;"26/06/2025 16:25";CET;25877;846088,50;33,30;26/06/2025
"AQUA BIO TECHNO";NO0010307135;ABTEC;"Euronext Expand Oslo";NOK;0,92;0,92;0,866;0,88;"26/06/2025 16:07";CET;221234;193739,087;0,88;26/06/2025
ARCHER;BMG0451H2087;ARCH;"Oslo Børs";NOK;23,10;23,20;22,90;23,05;"26/06/2025 16:25";CET;24079;555109,60;23,05;26/06/2025
"ARCTIC BIOSCIENCE";NO0010859580;ABS;"Euronext Growth Oslo";NOK;3,39;3,39;3,20;3,39;"26/06/2025 13:17";CET;4812;16301,28;3,39;26/06/2025
"ARCTIC FISH HOLDIN";NO0010917719;AFISH;"Euronext Growth Oslo";NOK;41,20;49,00;41,20;46,00;"26/06/2025 16:25";CET;3228;156387,60;46,00;26/06/2025
"ARCTICZYMES TECHNO";NO0010014632;AZT;"Oslo Børs";NOK;16,40;16,60;16,40;16,50;"26/06/2025 16:25";CET;26327;435021,50;16,50;26/06/2025
"ARENDALS FOSSEKOMP";NO0003572802;AFK;"Oslo Børs";NOK;138,00;138,00;133,00;133,50;"26/06/2025 16:25";CET;4430;599208,50;133,50;26/06/2025
ARGEO;NO0013257410;ARGEO;"Oslo Børs";NOK;2,31;2,37;2,18;2,235;"26/06/2025 16:25";CET;757087;1701625,17;2,235;26/06/2025
"ARRIBATEC GROUP";NO0012861667;ARR;"Oslo Børs";NOK;0,50;0,516;0,48;0,516;"26/06/2025 16:25";CET;571191;281756,099;0,516;26/06/2025
ATEA;NO0004822503;ATEA;"Oslo Børs";NOK;153,00;154,80;153,00;154,40;"26/06/2025 16:25";CET;43689;6740653,00;154,40;26/06/2025
"ATLANTIC SAPPHI TR";NO0013340802;ASAS;"Oslo Børs";NOK;0,95;0,95;0,95;0,95;"25/06/2025 16:25";CET;1500;1425,00;0,95;26/06/2025
"ATLANTIC SAPPHIRE";NO0013464750;ASA;"Oslo Børs";NOK;9,00;9,00;8,591;8,692;"26/06/2025 16:25";CET;23822;207330,302;8,692;26/06/2025
"AURORA EIENDOM";NO0011032310;AURA;"Euronext Growth Oslo";NOK;84,00;84,00;84,00;84,00;"26/06/2025 15:27";CET;12;1008,00;84,00;26/06/2025
"AURSKOG SPAREBANK";NO0006001601;AURG;"Oslo Børs";NOK;236,30;236,50;236,30;236,50;"26/06/2025 16:25";CET;32;7562,00;236,50;26/06/2025
"AUSTEVOLL SEAFOOD";NO0010073489;AUSS;"Oslo Børs";NOK;94,40;95,10;93,80;94,40;"26/06/2025 16:25";CET;87261;8251245,90;94,40;26/06/2025
"AUTOSTORE HOLDINGS";BMG0670A1099;AUTO;"Oslo Børs";NOK;5,60;5,81;5,56;5,80;"26/06/2025 16:26";CET;10946418;63027675,165;5,80;26/06/2025
"AVANCE GAS HOLDING";BMG067231032;AGAS;"Oslo Børs";NOK;1,25;1,332;1,107;1,278;"26/06/2025 16:25";CET;334230;400200,222;1,278;26/06/2025
"AWILCO LNG";NO0010607971;ALNG;"Euronext Expand Oslo";NOK;3,24;3,285;3,24;3,24;"26/06/2025 16:25";CET;43704;141985,295;3,24;26/06/2025
AXACTOR;NO0010840515;ACR;"Oslo Børs";NOK;7,08;7,08;6,94;7,02;"26/06/2025 16:25";CET;146868;1030927,84;7,02;26/06/2025
"AYFIE INTERNATIONA";NO0012861683;AIX;"Euronext Growth Oslo";NOK;4,25;4,25;4,25;4,25;"26/06/2025 13:28";CET;30000;127500,00;4,25;26/06/2025
"B2 Impact";NO0010633951;B2I;"Oslo Børs";NOK;13,72;14,18;13,72;14,08;"26/06/2025 16:26";CET;327222;4605067,26;14,08;26/06/2025
BAKKAFROST;FO0000000179;BAKKA;"Oslo Børs";NOK;445,00;450,00;445,00;448,00;"26/06/2025 16:27";CET;98113;43945904,60;448,00;26/06/2025
"BALTIC SEA PROP";NO0010810476;BALT;"Euronext Growth Oslo";NOK;53,00;53,00;53,00;53,00;"25/06/2025 16:07";CET;43;2279,00;53,00;26/06/2025
"BARRAMUNDI GROUP";SGXZ33675836;BARRA;"Euronext Growth Oslo";NOK;1,095;1,095;1,095;1,095;"26/06/2025 14:50";CET;220;240,90;1,095;26/06/2025
"BENCHMARK HOLDINGS";GB00BGHPT808;BMK;"Euronext Growth Oslo";NOK;3,32;3,36;3,32;3,34;"26/06/2025 16:08";CET;110803;369476,20;3,34;26/06/2025
"BERGEN CARBON SOL";NO0010950249;BCS;"Euronext Growth Oslo";NOK;5,90;5,90;5,34;5,58;"26/06/2025 16:25";CET;42962;233243,22;5,58;26/06/2025
BERGENBIO;NO0013251173;BGBIO;"Oslo Børs";NOK;1,35;1,408;1,302;1,37;"26/06/2025 16:25";CET;445313;615644,474;1,37;26/06/2025
BEWI;NO0010890965;BEWI;"Oslo Børs";NOK;21,10;21,30;21,10;21,25;"26/06/2025 16:25";CET;41897;888020,95;21,25;26/06/2025
"BIEN SPAREBANK";NO0012706763;BIEN;"Oslo Børs";NOK;141,00;143,00;141,00;143,00;"26/06/2025 13:39";CET;396;56036,00;143,00;26/06/2025
"BIOFISH HOLDING";NO0010955198;BFISH;"Euronext Growth Oslo";NOK;1,725;1,735;1,72;1,72;"26/06/2025 15:54";CET;33954;58727,56;1,72;26/06/2025
"BLACK SEA PROPERTY";NO0010755101;BSP;"Euronext Growth Oslo";NOK;0,292;0,292;0,236;0,27;"26/06/2025 16:26";CET;3135973;791353,018;0,27;26/06/2025
BLUENORD;NO0010379266;BNOR;"Oslo Børs";NOK;505,00;510,00;498,00;508,00;"26/06/2025 16:25";CET;38319;19359557,50;508,00;26/06/2025
BONHEUR;NO0003110603;BONHR;"Oslo Børs";NOK;232,00;235,00;230,00;233,00;"26/06/2025 16:25";CET;117225;27510871,50;233,00;26/06/2025
BORGESTAD;NO0013256180;BOR;"Oslo Børs";NOK;17,85;17,85;17,20;17,30;"26/06/2025 14:54";CET;6713;116309,25;17,30;26/06/2025
BORREGAARD;NO0010657505;BRG;"Oslo Børs";NOK;199,00;201,00;197,00;198,40;"26/06/2025 16:25";CET;68591;13630634,60;198,40;26/06/2025
BOUVET;NO0010360266;BOUV;"Oslo Børs";NOK;79,50;79,50;78,00;78,50;"26/06/2025 16:25";CET;43285;3396623,70;78,50;26/06/2025
BRUTON;NO0013036814;BRUT;"Euronext Growth Oslo";NOK;42,60;42,60;42,60;42,60;"28/05/2025 11:46";CET;50;2130,00;42,60;26/06/2025
"BW ENERGY LIMITED";BMG0702P1086;BWE;"Oslo Børs";NOK;33,20;34,50;32,55;32,85;"26/06/2025 16:25";CET;175063;5776942,70;32,85;26/06/2025
"BW LPG";SGXZ69436764;BWLPG;"Oslo Børs";NOK;123,00;124,20;120,20;120,90;"26/06/2025 16:29";CET;347733;42498119,40;120,90;26/06/2025
"BW OFFSHORE LTD";BMG1738J1247;BWO;"Oslo Børs";NOK;30,20;30,95;29,85;30,95;"26/06/2025 16:25";CET;134756;4122099,65;30,95;26/06/2025
BYGGMA;NO0003087603;BMA;"Oslo Børs";NOK;17,10;17,10;17,10;17,10;"26/06/2025 09:00";CET;30;513,00;17,10;26/06/2025
CADELER;DK0061412772;CADLR;"Oslo Børs";NOK;53,10;53,10;51,10;51,15;"26/06/2025 16:25";CET;477387;24564272,25;51,15;26/06/2025
CAMBI;NO0010078850;CAMBI;"Euronext Growth Oslo";NOK;19,55;19,55;18,60;19,05;"26/06/2025 16:25";CET;19490;369690,90;19,05;26/06/2025
"CAPSOL TECHNOLOGI";NO0010923121;CAPSL;"Oslo Børs";NOK;9,00;9,34;9,00;9,00;"26/06/2025 16:25";CET;19543;180597,44;9,00;26/06/2025
"CAVENDISH HYDROGEN";NO0013219535;CAVEN;"Oslo Børs";NOK;9,80;10,24;9,73;10,24;"26/06/2025 16:25";CET;41494;415023,47;10,24;26/06/2025
"CIRCIO HOLDING";NO0013033795;CRNA;"Oslo Børs";NOK;0,62;0,64;0,615;0,629;"26/06/2025 16:25";CET;1147414;714301,004;0,629;26/06/2025
"CLEAN SEAS SEAFOOD";AU000000CSS3;CSS;"Euronext Growth Oslo";NOK;1,00;1,00;1,00;1,00;"17/06/2025 09:00";CET;200;200,00;1,00;26/06/2025
"CLOUDBERRY CLEAN";NO0010876642;CLOUD;"Oslo Børs";NOK;11,30;12,30;11,30;12,18;"26/06/2025 16:25";CET;92511;1124910,62;12,18;26/06/2025
"CODELAB CAPITAL";NO0013483503;CODE;"Euronext Growth Oslo";NOK;2,90;3,17;2,90;2,90;"26/06/2025 16:25";CET;11800;35665,52;2,90;26/06/2025
"CONSTELLATION OIL";NO0013460071;COSH;"Euronext Growth Oslo";NOK;4,50;4,50;4,50;4,50;"25/06/2025 15:40";CET;27630;124335,00;4,50;26/06/2025
CONTEXTVISION;SE0014731154;CONTX;"Oslo Børs";NOK;4,87;4,94;4,86;4,94;"26/06/2025 16:25";CET;12197;59607,10;4,94;26/06/2025
"COOL COMPANY";BMG2415A1137;CLCO;"Euronext Growth Oslo";NOK;67,30;67,90;65,90;66,50;"26/06/2025 16:25";CET;13549;905006,10;66,50;26/06/2025
"CRAYON GROUP HOLD";NO0010808892;CRAYN;"Oslo Børs";NOK;144,30;144,30;143,80;144,10;"26/06/2025 16:25";CET;43231;6224417,60;144,10;26/06/2025
CYVIZ;NO0010015175;CYVIZ;"Euronext Growth Oslo";NOK;32,60;33,80;32,60;33,80;"26/06/2025 13:32";CET;3822;126847,20;33,80;26/06/2025
"DEEP VALUE DRILLER";NO0010955917;DVD;"Euronext Growth Oslo";NOK;15,40;16,26;15,12;15,64;"26/06/2025 16:25";CET;449833;6980855,26;15,64;26/06/2025
"DESERT CONTROL";NO0010963275;DSRT;"Euronext Growth Oslo";NOK;8,00;8,36;7,90;7,90;"26/06/2025 16:25";CET;218872;1752189,38;7,90;26/06/2025
"DNB BANK";NO0010161896;DNB;"Oslo Børs";NOK;274,60;276,20;273,50;274,30;"26/06/2025 16:25";CET;1314958;361050716,30;274,30;26/06/2025
DNO;NO0003921009;DNO;"Oslo Børs";NOK;12,59;12,69;12,42;12,49;"26/06/2025 16:25";CET;2532327;31712967,26;12,49;26/06/2025
"DOF GROUP";NO0012851874;DOFG;"Oslo Børs";NOK;89,70;89,70;87,30;87,60;"26/06/2025 16:25";CET;241468;21271539,40;87,60;26/06/2025
"DOLPHIN DRILLING";NO0012595950;DDRIL;"Euronext Growth Oslo";NOK;0,082;0,0886;0,0752;0,0786;"26/06/2025 16:00";CET;1137996;90821,743;0,0786;26/06/2025
"EAM SOLAR";NO0010607781;EAM;"Euronext Expand Oslo";NOK;0,208;0,209;0,187;0,1934;"26/06/2025 16:25";CET;9215669;1790403,4359;0,1934;26/06/2025
"EDDA WIND";NO0010998529;EWIND;"Oslo Børs";NOK;22,70;23,00;22,70;22,70;"27/05/2025 16:25";CET;619;14099,30;22,70;26/06/2025
"EIDESVIK OFFSHORE";NO0010263023;EIOF;"Oslo Børs";NOK;12,55;12,55;12,55;12,55;"26/06/2025 11:21";CET;350;4392,50;12,55;26/06/2025
"ELECTROMAGNET GEO";NO0010358484;EMGS;"Oslo Børs";NOK;1,92;2,05;1,90;2,05;"26/06/2025 16:25";CET;121484;234876,64;2,05;26/06/2025
ELEKTROIMPORTØREN;NO0010911902;ELIMP;"Euronext Growth Oslo";NOK;15,00;15,00;14,70;14,75;"26/06/2025 16:26";CET;5090;75471,45;14,75;26/06/2025
ELKEM;NO0010816093;ELK;"Oslo Børs";NOK;23,74;23,82;23,22;23,40;"26/06/2025 16:25";CET;689182;16191447,54;23,40;26/06/2025
"ELLIPTIC LABORATOR";NO0010722283;ELABS;"Oslo Børs";NOK;12,80;13,30;12,64;13,30;"26/06/2025 16:25";CET;175166;2271481,28;13,30;26/06/2025
"ELMERA GROUP";NO0010815673;ELMRA;"Oslo Børs";NOK;33,50;33,90;33,50;33,80;"26/06/2025 16:25";CET;49396;1667573,15;33,80;26/06/2025
ELOPAK;NO0011002586;ELO;"Oslo Børs";NOK;46,50;47,20;45,70;46,25;"26/06/2025 16:25";CET;106454;4933400,65;46,25;26/06/2025
ENDÚR;NO0012555459;ENDUR;"Oslo Børs";NOK;87,60;88,30;86,70;87,30;"26/06/2025 16:28";CET;56825;4971703,80;87,30;26/06/2025
ENERGEIA;NO0012697715;ENERG;"Euronext Growth Oslo";NOK;0,125;0,19;0,124;0,137;"26/06/2025 16:25";CET;30075128;4581692,911;0,137;26/06/2025
"ENSURGE MICROPOWER";NO0013186460;ENSU;"Oslo Børs";NOK;1,21;1,21;1,18;1,21;"26/06/2025 16:25";CET;1689389;2021013,112;1,21;26/06/2025
ENTRA;NO0010716418;ENTRA;"Oslo Børs";NOK;131,00;131,40;128,20;131,00;"26/06/2025 16:25";CET;89586;11689532,80;131,00;26/06/2025
"ENVIPCO HOLDING";NL0015000GX8;ENVIP;"Oslo Børs";NOK;84,40;88,00;83,40;86,80;"26/06/2025 16:25";CET;305831;26374542,00;86,80;26/06/2025
EQUINOR;NO0010096985;EQNR;"Oslo Børs";NOK;254,10;255,00;252,30;253,60;"26/06/2025 16:28";CET;2862290;726129679,30;253,60;26/06/2025
EQVA;NO0010708605;EQVA;"Oslo Børs";NOK;4,81;4,81;4,81;4,81;"26/06/2025 16:16";CET;9418;45300,58;4,81;26/06/2025
EUROPRIS;NO0010735343;EPR;"Oslo Børs";NOK;84,50;85,40;84,50;84,70;"26/06/2025 16:25";CET;394315;33548234,40;84,70;26/06/2025
"EXACT THERAPEUTICS";NO0010852213;EXTX;"Euronext Growth Oslo";NOK;2,66;2,66;2,60;2,60;"26/06/2025 15:52";CET;33186;87174,76;2,60;26/06/2025
"FJORD DEFENCE GR";NO0010778095;DFENS;"Euronext Expand Oslo";NOK;1,695;1,695;1,47;1,59;"26/06/2025 16:25";CET;3426962;5362664,795;1,59;26/06/2025
"FLEKKEFJORD SPAREB";NO0013209858;FFSB;"Euronext Growth Oslo";NOK;126,98;127,46;126,98;126,98;"26/06/2025 16:04";CET;221;28064,02;126,98;26/06/2025
"FLEX LNG";BMG359472021;FLNG;"Oslo Børs";NOK;230,00;239,00;230,00;234,50;"26/06/2025 16:25";CET;14088;3314771,00;234,50;26/06/2025
FRONTLINE;CY0200352116;FRO;"Oslo Børs";NOK;177,40;178,55;175,35;176,25;"26/06/2025 16:27";CET;765983;135777860,00;176,25;26/06/2025
"GENTIAN DIAGNOSTIC";NO0010748866;GENT;"Oslo Børs";NOK;64,00;64,00;62,00;62,00;"26/06/2025 16:25";CET;1506;93442,00;62,00;26/06/2025
"GENTOO MEDIA";US36467X2062;G2MNO;"Oslo Børs";NOK;14,20;14,34;14,20;14,34;"26/06/2025 16:25";CET;399;5679,80;14,34;26/06/2025
"GIGANTE SALMON";NO0011013765;GIGA;"Euronext Growth Oslo";NOK;8,40;8,58;8,40;8,58;"26/06/2025 14:47";CET;2575;21877,50;8,58;26/06/2025
"GJENSIDIGE FORSIKR";NO0010582521;GJF;"Oslo Børs";NOK;253,60;256,00;251,80;253,80;"26/06/2025 16:25";CET;417711;106042661,00;253,80;26/06/2025
"GOLDEN ENERGY OFF";NO0013228585;GEOS;"Euronext Growth Oslo";NOK;18,65;19,35;18,65;19,35;"26/06/2025 15:04";CET;567;10936,45;19,35;26/06/2025
"GOLDEN OCEAN GROUP";BMG396372051;GOGL;"Oslo Børs";NOK;76,50;76,85;76,10;76,55;"26/06/2025 16:25";CET;233749;17886792,25;76,55;26/06/2025
GOODTECH;NO0004913609;GOD;"Oslo Børs";NOK;8,94;8,96;8,84;8,86;"26/06/2025 15:51";CET;7817;69681,42;8,86;26/06/2025
"GREEN MINERALS";NO0010907744;GEM;"Euronext Growth Oslo";NOK;4,00;4,15;3,37;3,37;"26/06/2025 16:28";CET;1011689;3788321,17;3,37;26/06/2025
"GRIEG SEAFOOD";NO0010365521;GSF;"Oslo Børs";NOK;73,00;74,80;72,65;73,20;"26/06/2025 16:25";CET;137048;10078103,95;73,20;26/06/2025
"GRONG SPAREBANK";NO0010636491;GRONG;"Euronext Growth Oslo";NOK;149,00;149,00;149,00;149,00;"26/06/2025 12:36";CET;1;149,00;149,00;26/06/2025
GYLDENDAL;NO0004288200;GYL;"Oslo Børs";NOK;424,00;424,00;424,00;424,00;"17/06/2025 11:11";CET;46;19504,00;420,00;26/06/2025
"HAFNIA LIMITED";SGXZ53070850;HAFNI;"Oslo Børs";NOK;53,02;53,82;52,22;52,52;"26/06/2025 16:28";CET;264950;13996219,30;52,52;26/06/2025
"HAUGESUND SPB";NO0010764053;HGSB;"Oslo Børs";NOK;180,00;180,00;180,00;180,00;"25/06/2025 10:10";CET;430;77400,00;180,00;26/06/2025
"HAV GROUP";NO0010931918;HAV;"Euronext Growth Oslo";NOK;7,00;7,00;6,72;6,80;"26/06/2025 15:51";CET;22365;153390,42;6,80;26/06/2025
"HAVILA KYSTRUTEN";NO0011045429;HKY;"Euronext Growth Oslo";NOK;1,35;1,35;1,285;1,30;"26/06/2025 14:36";CET;67143;88349,745;1,30;26/06/2025
"HAVILA SHIPPING";NO0010257728;HAVI;"Oslo Børs";NOK;1,37;1,37;1,32;1,32;"26/06/2025 15:15";CET;26159;35272,38;1,32;26/06/2025
"HERMANA HOLDING";NO0013401380;HERMA;"Oslo Børs";NOK;12,40;12,50;12,00;12,00;"26/06/2025 16:14";CET;18885;230863,00;12,00;26/06/2025
"HEXAGON COMPOSITES";NO0003067902;HEX;"Oslo Børs";NOK;17,00;18,92;16,98;18,64;"26/06/2025 16:28";CET;3796197;68706252,62;18,64;26/06/2025
"HEXAGON PURUS";NO0010904923;HPUR;"Oslo Børs";NOK;2,15;2,34;2,15;2,165;"26/06/2025 16:25";CET;1266187;2859827,47;2,165;26/06/2025
"HIMALAYA SHIPPING";BMG4660A1036;HSHP;"Oslo Børs";NOK;62,50;62,50;60,20;60,20;"26/06/2025 16:25";CET;165119;10118700,00;60,20;26/06/2025
"HOFSETH BIOCARE";NO0010598683;HBC;"Oslo Børs";NOK;2,00;2,00;1,71;1,795;"26/06/2025 16:25";CET;69901;125349,735;1,795;26/06/2025
"HORISONT ENERGI";NO0010917339;HRGI;"Euronext Growth Oslo";NOK;1,27;1,30;1,205;1,265;"26/06/2025 16:03";CET;36278;44678,285;1,265;26/06/2025
"HUDDLESTOCK FINTEC";NO0010859648;HUDL;"Euronext Growth Oslo";NOK;0,80;0,80;0,756;0,80;"26/06/2025 16:25";CET;201357;154801,804;0,80;26/06/2025
HUDDLY;NO0013470534;HDLY;"Euronext Growth Oslo";NOK;14,25;14,25;13,50;13,50;"26/06/2025 16:25";CET;2745;37282,50;13,50;26/06/2025
"HUNTER GROUP";NO0012953720;HUNT;"Euronext Expand Oslo";NOK;1,008;1,05;0,97;1,02;"26/06/2025 16:25";CET;1450473;1466143,667;1,02;26/06/2025
HYDROGENPRO;NO0010892359;HYPRO;"Oslo Børs";NOK;3,695;3,695;3,45;3,45;"26/06/2025 16:25";CET;52831;185123,45;3,45;26/06/2025
HYNION;NO0010920945;HYN;"Euronext Growth Oslo";NOK;0,169;0,225;0,154;0,1825;"26/06/2025 16:25";CET;2075235;380865,8325;0,1825;26/06/2025
"HÖEGH AUTOLINERS";NO0011082075;HAUTO;"Oslo Børs";NOK;89,80;90,10;88,00;88,65;"26/06/2025 16:29";CET;537673;47778649,60;88,65;26/06/2025
"HØLAND OG SETSKOG";NO0010012636;HSPG;"Oslo Børs";NOK;170,00;170,00;170,00;170,00;"26/06/2025 09:43";CET;60;10200,00;170,00;26/06/2025
"ICELANDIC SALMON";NO0010724701;ISLAX;"Euronext Growth Oslo";NOK;99,00;99,00;98,00;98,00;"26/06/2025 11:03";CET;300;29500,00;98,00;26/06/2025
"IDEX BIOMETRICS";NO0013107490;IDEX;"Oslo Børs";NOK;0,034;0,034;0,031;0,0339;"26/06/2025 16:25";CET;10901182;357998,9405;0,0339;26/06/2025
INDUCT;NO0010536048;INDCT;"Euronext Growth Oslo";NOK;3,70;3,80;3,54;3,80;"26/06/2025 15:48";CET;25448;92008,32;3,80;26/06/2025
"INIFY LABORATORIES";SE0017486103;INIFY;"Euronext Growth Oslo";NOK;6,40;6,60;6,40;6,60;"26/06/2025 13:06";CET;1040;6834,00;6,60;26/06/2025
"ININ GROUP";NO0010864036;ININ;"Euronext Growth Oslo";NOK;2,45;2,45;2,27;2,39;"26/06/2025 16:25";CET;12380;28354,10;2,39;26/06/2025
INSTABANK;NO0010762792;INSTA;"Euronext Growth Oslo";NOK;2,41;2,45;2,40;2,40;"26/06/2025 16:26";CET;92746;224950,21;2,40;26/06/2025
"INTEGRATED WIND SO";NO0013461350;IWS;"Oslo Børs";NOK;43,495;43,495;42,50;42,99;"26/06/2025 15:52";CET;55662;2392473,50;42,99;26/06/2025
"INTEROIL EXPL PROD";NO0013119255;IOX;"Oslo Børs";NOK;1,62;1,668;1,62;1,62;"26/06/2025 16:25";CET;43400;70835,086;1,62;26/06/2025
ITERA;NO0010001118;ITERA;"Oslo Børs";NOK;9,32;9,32;9,32;9,32;"26/06/2025 15:40";CET;5000;46600,00;9,32;26/06/2025
"JINHUI SHIPP TRANS";BMG5137R1088;JIN;"Oslo Børs";NOK;5,58;5,66;5,48;5,48;"26/06/2025 16:08";CET;28678;159116,18;5,48;26/06/2025
"JÆREN SPAREBANK";NO0010359433;JAREN;"Oslo Børs";NOK;350,00;353,95;350,00;353,95;"26/06/2025 14:52";CET;118;41600,10;353,95;26/06/2025
KALDVIK;NO0010884794;KLDVK;"Euronext Growth Oslo";NOK;13,40;13,50;13,40;13,50;"26/06/2025 16:14";CET;5174;69774,00;13,50;26/06/2025
KID;NO0010743545;KID;"Oslo Børs";NOK;148,40;150,40;147,00;147,20;"26/06/2025 16:27";CET;39869;5891516,80;147,20;26/06/2025
KITRON;NO0003079709;KIT;"Oslo Børs";NOK;59,80;61,20;59,60;61,20;"26/06/2025 16:29";CET;623160;37904289,60;61,20;26/06/2025
"KLAVENESS COMBINAT";NO0010833262;KCC;"Oslo Børs";NOK;62,60;62,60;60,30;60,70;"26/06/2025 16:25";CET;45419;2770247,40;60,70;26/06/2025
"KMC PROPERTIES";NO0010360175;KMCP;"Oslo Børs";NOK;0,162;0,234;0,16;0,19;"26/06/2025 16:29";CET;147322494;29361502,995;0,19;26/06/2025
KOMPLETT;NO0011016040;KOMPL;"Oslo Børs";NOK;11,60;11,60;11,00;11,25;"26/06/2025 16:25";CET;78563;883296,90;11,25;26/06/2025
"KONGSBERG AUTOMOT";NO0003033102;KOA;"Oslo Børs";NOK;1,618;1,65;1,602;1,626;"26/06/2025 16:25";CET;2551753;4158305,466;1,626;26/06/2025
"KONGSBERG GRUPPEN";NO0013536151;KOG;"Oslo Børs";NOK;367,10;377,85;364,70;377,65;"26/06/2025 16:29";CET;1176036;440647610,35;377,65;26/06/2025
"KRAFT BANK";NO0010815103;KRAB;"Euronext Growth Oslo";NOK;9,90;10,10;9,90;9,95;"26/06/2025 16:18";CET;60050;600751,90;9,95;26/06/2025
"LERØY SEAFOOD GP";NO0003096208;LSG;"Oslo Børs";NOK;47,00;47,16;46,68;46,80;"26/06/2025 16:25";CET;266477;12479229,48;46,80;26/06/2025
LIFECARE;NO0013355859;LIFE;"Oslo Børs";NOK;5,52;5,76;5,44;5,72;"26/06/2025 16:25";CET;195257;1089283,52;5,72;26/06/2025
"LINK MOBILITY GRP";NO0010894231;LINK;"Oslo Børs";NOK;28,00;28,65;27,70;28,50;"26/06/2025 16:25";CET;1254580;35673551,60;28,50;26/06/2025
"LOKOTECH GROUP";NO0010921299;LOKO;"Euronext Growth Oslo";NOK;0,50;0,668;0,496;0,62;"26/06/2025 16:25";CET;16858543;9788093,49;0,62;26/06/2025
"LOKOTECH GROUP TR";NO0013554253;LOKOS;"Euronext Growth Oslo";NOK;0,1705;0,25;0,1705;0,182;"26/06/2025 16:25";CET;7874824;1791879,5085;0,182;26/06/2025
"LUMI GRUPPEN";NO0010927288;LUMI;"Euronext Growth Oslo";NOK;14,40;14,40;14,40;14,40;"26/06/2025 10:51";CET;1940;27936,00;14,40;26/06/2025
"LYTIX BIOPHARMA";NO0010405780;LYTIX;"Euronext Growth Oslo";NOK;9,22;9,26;8,72;9,00;"26/06/2025 16:25";CET;72125;649305,02;9,00;26/06/2025
"M VEST WATER";NO0010976343;MVW;"Euronext Growth Oslo";NOK;9,70;9,70;9,68;9,68;"26/06/2025 14:56";CET;1500;14538,00;9,68;26/06/2025
MAGNORA;NO0010187032;MGN;"Oslo Børs";NOK;24,40;24,40;23,75;24,20;"26/06/2025 16:25";CET;95676;2296181,20;24,20;26/06/2025
MATVAREEXPRESSEN;NO0013008664;MVE;"Euronext Growth Oslo";NOK;113,00;113,00;113,00;113,00;"25/06/2025 13:03";CET;300;33900,00;113,00;26/06/2025
MEDISTIM;NO0010159684;MEDI;"Oslo Børs";NOK;203,00;211,00;203,00;211,00;"26/06/2025 16:27";CET;7443;1539951,00;211,00;26/06/2025
"MELHUS SPAREBANK";NO0006001908;MELG;"Oslo Børs";NOK;175,00;177,96;174,00;177,96;"26/06/2025 14:56";CET;3936;688730,36;177,96;26/06/2025
MORELD;NO0013325506;MORLD;"Oslo Børs";NOK;14,60;14,78;14,30;14,50;"26/06/2025 16:26";CET;23341;336250,60;14,50;26/06/2025
"MORROW BANK";NO0010694029;MOBA;"Oslo Børs";NOK;11,35;11,45;11,25;11,25;"26/06/2025 16:28";CET;162019;1837035,60;11,25;26/06/2025
MOWI;NO0003054108;MOWI;"Oslo Børs";NOK;190,40;191,00;189,20;189,90;"26/06/2025 16:25";CET;625001;118746441,90;189,90;26/06/2025
"MPC CONTAINER SHIP";NO0010791353;MPCC;"Oslo Børs";NOK;16,32;16,32;15,83;15,97;"26/06/2025 16:29";CET;2270657;36253395,235;15,97;26/06/2025
"MPC ENERGY SOLUTIO";NL0015268814;MPCES;"Euronext Growth Oslo";NOK;10,10;10,30;10,10;10,15;"25/06/2025 13:59";CET;8187;82778,70;10,15;26/06/2025
MULTICONSULT;NO0010734338;MULTI;"Oslo Børs";NOK;197,50;199,50;196,50;199,00;"26/06/2025 16:25";CET;12521;2487623,00;199,00;26/06/2025
MÅSØVAL;NO0010974983;MAS;"Euronext Growth Oslo";NOK;23,20;23,20;20,80;22,10;"26/06/2025 15:57";CET;10608;228928,60;22,10;26/06/2025
NAPATECH;DK0060520450;NAPA;"Oslo Børs";NOK;26,35;26,70;25,30;25,40;"26/06/2025 16:25";CET;108982;2816789,15;25,40;26/06/2025
NAVAMEDIC;NO0010205966;NAVA;"Oslo Børs";NOK;21,60;21,70;21,20;21,60;"26/06/2025 16:25";CET;13587;292447,90;21,60;26/06/2025
NEKKAR;NO0003049405;NKR;"Oslo Børs";NOK;10,05;10,20;10,05;10,20;"26/06/2025 16:25";CET;6056;61356,70;10,20;26/06/2025
NEL;NO0010081235;NEL;"Oslo Børs";NOK;2,43;2,466;2,42;2,438;"26/06/2025 16:25";CET;2261478;5528452,07;2,438;26/06/2025
"NEXT BIOMETRICS GP";NO0010629108;NEXT;"Oslo Børs";NOK;4,78;4,82;4,70;4,75;"26/06/2025 16:25";CET;194411;920722,11;4,75;26/06/2025
"NIDAROS SPAREBANK";NO0010733082;NISB;"Euronext Growth Oslo";NOK;106,00;106,00;106,00;106,00;"26/06/2025 14:21";CET;13;1378,00;106,00;26/06/2025
"NORAM DRILLING";NO0010360019;NORAM;"Euronext Growth Oslo";NOK;22,75;23,45;22,15;22,60;"26/06/2025 16:25";CET;64951;1460363,30;22,60;26/06/2025
NORBIT;NO0010856511;NORBT;"Oslo Børs";NOK;208,00;211,50;205,00;207,00;"26/06/2025 16:26";CET;338376;70164469,00;207,00;26/06/2025
NORCOD;NO0010892912;NCOD;"Euronext Growth Oslo";NOK;15,50;15,85;14,30;15,25;"26/06/2025 11:00";CET;297;4309,00;15,25;26/06/2025
NORCONSULT;NO0013052209;NORCO;"Oslo Børs";NOK;44,50;44,55;44,10;44,35;"26/06/2025 16:27";CET;323772;14382283,90;44,35;26/06/2025
"NORDHEALTH A-AKSJE";NO0011002651;NORDH;"Euronext Growth Oslo";NOK;36,00;36,00;35,40;35,40;"26/06/2025 16:25";CET;2611;93807,60;35,40;26/06/2025
"NORDIC AQUA PART";NO0012928805;NOAP;"Euronext Growth Oslo";NOK;80,00;80,00;78,60;78,60;"26/06/2025 16:26";CET;811;63940,60;78,60;26/06/2025
"NORDIC FINANCIALS";NO0012958539;NOFIN;"Euronext Expand Oslo";NOK;0,0185;0,019;0,0172;0,018;"26/06/2025 16:19";CET;17944717;328743,5019;0,018;26/06/2025
"NORDIC HALIBUT";NO0003058109;NOHAL;"Euronext Growth Oslo";NOK;19,60;19,60;19,60;19,60;"26/06/2025 13:47";CET;500;9800,00;19,60;26/06/2025
"NORDIC MINING";NO0013162693;NOM;"Oslo Børs";NOK;22,85;23,60;22,55;23,35;"26/06/2025 16:27";CET;145043;3367120,55;23,35;26/06/2025
"NORDIC SEMICONDUC";NO0003055501;NOD;"Oslo Børs";NOK;137,40;139,80;135,40;136,30;"26/06/2025 16:25";CET;474473;65141458,10;136,30;26/06/2025
"NORDIC TECHNOLOGY";NO0011018434;NTG;"Euronext Growth Oslo";NOK;1,00;1,00;1,00;1,00;"26/06/2025 11:15";CET;100005;100005,00;1,00;26/06/2025
"NORSE ATLANTIC";NO0012885252;NORSE;"Euronext Expand Oslo";NOK;7,78;7,84;7,50;7,80;"26/06/2025 16:29";CET;352407;2700953,41;7,80;26/06/2025
"NORSK HYDRO";NO0005052605;NHY;"Oslo Børs";NOK;55,56;56,90;55,56;56,84;"26/06/2025 16:29";CET;4112148;232101112,44;56,84;26/06/2025
"NORSK TITANIUM";NO0010969108;NTI;"Euronext Growth Oslo";NOK;1,778;1,90;1,73;1,876;"26/06/2025 16:25";CET;4231281;7683896,032;1,876;26/06/2025
"NORSKE SKOG";NO0010861115;NSKOG;"Oslo Børs";NOK;21,40;22,50;21,30;22,40;"26/06/2025 16:25";CET;214557;4688811,90;22,40;26/06/2025
"NORTH ENERGY";NO0010550056;NORTH;"Euronext Expand Oslo";NOK;2,71;2,81;2,71;2,80;"26/06/2025 16:28";CET;112507;314659,54;2,80;26/06/2025
"NORTHERN OCEAN LTD";BMG6682J1036;NOL;"Oslo Børs";NOK;5,90;5,96;5,78;5,78;"26/06/2025 16:25";CET;67859;401867,47;5,78;26/06/2025
"NORWEGIAN AIR SHUT";NO0010196140;NAS;"Oslo Børs";NOK;13,50;13,75;13,45;13,60;"26/06/2025 16:28";CET;4581293;62393582,97;13,60;26/06/2025
"NORWEGIAN BLOCK EX";NO0010984966;NBX;"Euronext Growth Oslo";NOK;0,91;0,932;0,842;0,872;"26/06/2025 16:28";CET;3653943;3235816,506;0,872;26/06/2025
"NRC GROUP";NO0003679102;NRC;"Oslo Børs";NOK;6,20;6,56;6,12;6,40;"26/06/2025 16:25";CET;586137;3712432,07;6,40;26/06/2025
"NYKODE THERAPEUTIC";NO0010714785;NYKD;"Oslo Børs";NOK;1,882;1,899;1,852;1,88;"26/06/2025 16:25";CET;256045;479795,075;1,88;26/06/2025
"OBSERVE MEDICAL";NO0013457952;OBSRV;"Euronext Expand Oslo";NOK;0,88;1,75;0,795;1,30;"26/06/2025 16:29";CET;725763;1057214,715;1,30;26/06/2025
"OCEAN GEOLOOP";NO0010914641;OCEAN;"Euronext Growth Oslo";NOK;6,85;6,85;6,85;6,85;"19/06/2025 11:39";CET;2030;13905,50;6,85;26/06/2025
"OCEAN SUN";NO0010887565;OSUN;"Euronext Growth Oslo";NOK;1,205;1,205;1,205;1,205;"26/06/2025 10:06";CET;6100;7350,50;1,205;26/06/2025
"ODFJELL DRILLING";BMG671801022;ODL;"Oslo Børs";NOK;68,10;68,30;67,40;67,60;"26/06/2025 16:25";CET;210357;14252396,20;67,60;26/06/2025
"ODFJELL SER. A";NO0003399909;ODF;"Oslo Børs";NOK;111,80;111,80;107,00;107,80;"26/06/2025 16:25";CET;26849;2901478,00;107,80;26/06/2025
"ODFJELL SER. B";NO0003399917;ODFB;"Oslo Børs";NOK;108,80;108,80;106,00;107,20;"26/06/2025 16:25";CET;6221;666466,80;107,20;26/06/2025
"ODFJELL TECHNOLOGY";BMG6716L1081;OTL;"Oslo Børs";NOK;49,30;50,90;49,00;49,70;"26/06/2025 16:25";CET;19445;970739,90;49,70;26/06/2025
OKEA;NO0010816895;OKEA;"Oslo Børs";NOK;16,98;17,08;16,78;16,80;"26/06/2025 16:25";CET;122823;2079493,24;16,80;26/06/2025
"OKEANIS ECO TANKER";MHY641771016;OET;"Oslo Børs";NOK;235,00;235,00;225,00;227,50;"26/06/2025 16:25";CET;17801;4038890,50;227,50;26/06/2025
"OLAV THON EIENDOMS";NO0005638858;OLT;"Oslo Børs";NOK;294,00;295,00;292,00;295,00;"26/06/2025 16:25";CET;71316;20912149,00;295,00;26/06/2025
OMDA;NO0010894512;OMDA;"Euronext Growth Oslo";NOK;48,50;48,50;48,50;48,50;"26/06/2025 16:25";CET;8;388,00;48,50;26/06/2025
ONCOINVENT;NO0010779341;ONCIN;"Euronext Growth Oslo";NOK;1,802;1,95;1,802;1,85;"26/06/2025 15:20";CET;130038;249362,736;1,85;26/06/2025
ORKLA;NO0003733800;ORK;"Oslo Børs";NOK;107,80;107,80;107,00;107,70;"26/06/2025 16:29";CET;1288207;138645357,00;107,70;26/06/2025
"OTELLO CORPORATION";NO0010040611;OTEC;"Oslo Børs";NOK;11,95;12,00;11,90;11,90;"26/06/2025 16:25";CET;198768;2369379,60;11,90;26/06/2025
OTOVO;NO0010809783;OTOVO;"Oslo Børs";NOK;1,70;1,796;1,70;1,76;"26/06/2025 16:25";CET;124850;220609,54;1,76;26/06/2025
"PANORO ENERGY";NO0010564701;PEN;"Oslo Børs";NOK;23,25;23,25;22,60;22,65;"26/06/2025 16:25";CET;428417;9761309,15;22,65;26/06/2025
"PARATUS ENERGY SER";BMG6904D1083;PLSV;"Oslo Børs";NOK;34,40;34,74;34,18;34,52;"26/06/2025 16:25";CET;90249;3115414,18;34,52;26/06/2025
"PARETO BANK";NO0010397581;PARB;"Oslo Børs";NOK;83,00;83,00;81,70;81,90;"26/06/2025 16:26";CET;97088;7968284,30;81,90;26/06/2025
"PCI BIOTECH HOLD";NO0010405640;PCIB;"Oslo Børs";NOK;1,695;1,745;1,585;1,665;"26/06/2025 12:20";CET;31357;52777,035;1,665;26/06/2025
PETROLIA;CY0102630916;PSE;"Oslo Børs";NOK;3,80;3,80;3,52;3,80;"26/06/2025 10:39";CET;12299;46704,79;3,80;26/06/2025
"PETRONOR E&P";NO0012942525;PNOR;"Oslo Børs";NOK;10,94;11,36;10,80;11,20;"26/06/2025 16:25";CET;432472;4814284,76;11,20;26/06/2025
"PEXIP HOLDING";NO0010840507;PEXIP;"Oslo Børs";NOK;58,30;59,60;58,00;58,90;"26/06/2025 16:26";CET;119936;7046596,70;58,90;26/06/2025
"PHILLY SHIPYARD";NO0010395577;PHLY;"Euronext Expand Oslo";NOK;4,23;4,23;3,93;3,96;"26/06/2025 16:25";CET;66083;266985,48;3,96;26/06/2025
PHOTOCURE;NO0010000045;PHO;"Oslo Børs";NOK;53,40;54,00;52,70;53,60;"26/06/2025 16:25";CET;42328;2258100,30;53,60;26/06/2025
"PIONEER PROPERTY";NO0010735681;PPG;"Euronext Expand Oslo";NOK;100,00;100,00;99,60;100,00;"26/06/2025 16:13";CET;9348;934334,80;100,00;26/06/2025
"POLARIS MEDIA";NO0010466022;POL;"Oslo Børs";NOK;62,50;62,50;61,50;62,50;"26/06/2025 16:25";CET;835;51604,00;62,50;26/06/2025
POLIGHT;NO0012535832;PLT;"Oslo Børs";NOK;3,75;3,795;3,66;3,73;"26/06/2025 16:25";CET;130650;486851,575;3,73;26/06/2025
PROSAFE;NO0010861990;PRS;"Oslo Børs";NOK;8,37;8,37;7,68;7,90;"26/06/2025 16:16";CET;26203;205100,08;7,90;26/06/2025
"PROTECTOR FORSIKRG";NO0010209331;PROT;"Oslo Børs";NOK;432,00;433,00;428,00;428,00;"26/06/2025 16:25";CET;57126;24552990,50;428,00;26/06/2025
"PROXIMAR SEAFOOD";NO0010893902;PROXI;"Euronext Growth Oslo";NOK;2,42;2,45;2,38;2,45;"26/06/2025 15:50";CET;152510;369725,56;2,45;26/06/2025
PRYME;NL0015002E73;PRYME;"Euronext Growth Oslo";NOK;22,00;23,90;19,10;21,50;"26/06/2025 16:17";CET;4498;95226,10;21,50;26/06/2025
"PUBLIC PROPERTY IN";NO0013178616;PUBLI;"Oslo Børs";NOK;23,65;24,00;23,55;23,75;"26/06/2025 16:25";CET;441092;10506313,55;23,75;26/06/2025
"PYRUM INNOVATIONS";DE000A2G8ZX8;PYRUM;"Euronext Growth Oslo";NOK;333,00;340,00;327,00;337,00;"26/06/2025 14:32";CET;1012;343255,00;337,00;26/06/2025
"QUESTERRE ENERGY";CA74836K1003;QEC;"Oslo Børs";NOK;2,21;2,21;2,15;2,18;"26/06/2025 16:25";CET;783030;1710376,755;2,18;26/06/2025
"RANA GRUBER";NO0010907389;RANA;"Oslo Børs";NOK;68,20;68,50;67,70;67,90;"26/06/2025 16:29";CET;187358;12757037,00;67,90;26/06/2025
"REACH SUBSEA";NO0003117202;REACH;"Oslo Børs";NOK;7,40;7,52;7,35;7,40;"26/06/2025 16:26";CET;150112;1115937,29;7,40;26/06/2025
"REC SILICON";NO0010112675;RECSI;"Oslo Børs";NOK;2,66;2,66;2,144;2,144;"26/06/2025 16:25";CET;4555702;10704609,048;2,144;26/06/2025
REFUELS;NL0015001BF4;REFL;"Euronext Growth Oslo";NOK;16,60;16,60;16,60;16,60;"26/06/2025 10:11";CET;451;7486,60;16,60;26/06/2025
"RIVER TECH";MT0001710103;RIVER;"Euronext Growth Oslo";NOK;15,40;15,40;14,10;15,00;"26/06/2025 16:25";CET;13061;191068,30;15,00;26/06/2025
"ROGALAND SPAREBANK";NO0006001007;ROGS;"Oslo Børs";NOK;144,38;145,00;143,50;145,00;"26/06/2025 16:17";CET;4981;717765,12;145,00;26/06/2025
"ROMERIKE SPAREBK";NO0010808405;ROMER;"Euronext Growth Oslo";NOK;146,98;147,00;146,98;147,00;"25/06/2025 16:18";CET;42;6173,26;147,00;26/06/2025
ROMREAL;BMG763301022;ROM;"Euronext Expand Oslo";NOK;2,32;2,32;2,32;2,32;"23/06/2025 16:25";CET;223;517,36;2,32;26/06/2025
"S.D. STANDARD ETC";CY0101550917;SDSD;"Oslo Børs";NOK;1,825;1,84;1,825;1,84;"26/06/2025 16:26";CET;14728;26900,05;1,84;26/06/2025
"SAGA PURE";NO0010572589;SAGA;"Oslo Børs";NOK;1,34;1,345;1,335;1,345;"26/06/2025 16:25";CET;165400;221323,54;1,345;26/06/2025
SALMAR;NO0010310956;SALM;"Oslo Børs";NOK;430,80;432,40;429,00;430,00;"26/06/2025 16:26";CET;203308;87447256,40;430,00;26/06/2025
"SALMON EVOLUTION";NO0010892094;SALME;"Oslo Børs";NOK;6,03;6,04;5,97;5,97;"26/06/2025 16:25";CET;364441;2168502,59;5,97;26/06/2025
SATS;NO0010863285;SATS;"Oslo Børs";NOK;36,00;36,55;35,75;35,80;"26/06/2025 16:25";CET;452203;16292649,50;35,80;26/06/2025
SCANA;NO0003053308;SCANA;"Oslo Børs";NOK;1,52;1,55;1,52;1,55;"26/06/2025 16:25";CET;184985;282912,854;1,55;26/06/2025
SCATEC;NO0010715139;SCATC;"Oslo Børs";NOK;90,00;94,00;90,00;91,80;"26/06/2025 16:25";CET;377645;34909847,85;91,80;26/06/2025
"Sea1 Offshore";KYG812291253;SEA1;"Oslo Børs";NOK;25,50;25,50;24,60;24,85;"26/06/2025 16:25";CET;214874;5360315,60;24,85;26/06/2025
"SEACREST PETROLEO";BMG7947V2045;SEAPT;"Euronext Expand Oslo";NOK;0,143;0,148;0,133;0,144;"26/06/2025 16:25";CET;6331735;889804,442;0,144;26/06/2025
"SED ENERGY HOLDING";CY0101162119;ENH;"Oslo Børs";NOK;6,66;6,80;6,60;6,60;"26/06/2025 16:25";CET;126538;841517,62;6,60;26/06/2025
"SELVAAG BOLIG";NO0010612450;SBO;"Oslo Børs";NOK;34,90;34,95;34,70;34,80;"26/06/2025 16:25";CET;7107;247356,55;34,80;26/06/2025
SENTIA;NO0013573014;SNTIA;"Oslo Børs";NOK;61,60;63,80;60,74;63,60;"26/06/2025 16:25";CET;280841;17362260,02;63,60;26/06/2025
"SHELF DRILLING";KYG236271055;SHLF;"Oslo Børs";NOK;7,67;8,04;7,67;8,00;"26/06/2025 16:25";CET;591811;4641648,31;8,00;26/06/2025
"SHELF DRILLING NO";BMG236541170;SDNS;"Euronext Growth Oslo";NOK;28,80;29,30;28,70;29,00;"10/10/2024 16:10";CET;2422;70084,30;21,00;26/06/2025
"SKANDIA GREENPOWER";NO0010931207;SKAND;"Euronext Growth Oslo";NOK;1,49;1,55;1,255;1,55;"26/06/2025 16:17";CET;153301;233121,54;1,55;26/06/2025
"SKUE SPAREBANK";NO0006001809;SKUE;"Oslo Børs";NOK;346,80;354,80;340,50;341,00;"26/06/2025 16:12";CET;2508;863458,20;341,00;26/06/2025
SMARTCRAFT;NO0011008971;SMCRT;"Oslo Børs";NOK;27,50;27,70;27,10;27,70;"26/06/2025 16:25";CET;18079;498816,60;27,70;26/06/2025
"SMARTOPTICS GROUP";NO0011012502;SMOP;"Euronext Growth Oslo";NOK;15,45;15,90;15,10;15,15;"26/06/2025 16:25";CET;58510;894916,85;15,15;26/06/2025
"SOFTOX SOLUTIONS";NO0010811961;SOFTX;"Euronext Growth Oslo";NOK;0,0906;0,0906;0,0794;0,0832;"26/06/2025 16:25";CET;13036165;1069676,7244;0,0832;26/06/2025
"SOGN SPAREBANK";NO0006000603;SOGN;"Oslo Børs";NOK;285,95;285,95;280,00;280,00;"26/06/2025 15:59";CET;510;145680,00;280,00;26/06/2025
SOILTECH;NO0010713571;STECH;"Euronext Expand Oslo";NOK;60,00;64,00;60,00;64,00;"26/06/2025 16:07";CET;31768;2002936,40;64,00;26/06/2025
"SOLSTAD MARITIME";NO0013135368;SOMA;"Oslo Børs";NOK;22,84;23,20;22,305;23,00;"26/06/2025 16:42";CET;272469;6227588,77;23,00;26/06/2025
"SOLSTAD OFFSHORE";NO0003080608;SOFF;"Oslo Børs";NOK;40,00;41,10;39,80;40,55;"26/06/2025 17:13";CET;507418;20109626,9847;40,55;26/06/2025
"SPARBNK 68 GR NORD";NO0010887110;SB68;"Euronext Growth Oslo";NOK;182,98;182,98;182,98;182,98;"26/06/2025 12:31";CET;1;182,98;182,98;26/06/2025
"SPAREBANK 1 SMN";NO0006390301;MING;"Oslo Børs";NOK;189,50;190,94;189,04;190,40;"26/06/2025 16:25";CET;60982;11605949,16;190,40;26/06/2025
"SPAREBANK 1 SØR-N";NO0010631567;SB1NO;"Oslo Børs";NOK;180,00;182,40;180,00;181,20;"26/06/2025 16:25";CET;141064;25573647,00;181,20;26/06/2025
"SPAREBANKEN MØRE";NO0012483207;MORG;"Oslo Børs";NOK;104,92;105,20;104,20;105,20;"26/06/2025 16:25";CET;13520;1418077,12;105,20;26/06/2025
"SPAREBANKEN NORGE";NO0006000900;SBNOR;"Oslo Børs";NOK;157,02;158,74;156,00;157,52;"26/06/2025 16:25";CET;163916;25817438,98;157,52;26/06/2025
"SPAREBANKEN ØST";NO0006222009;SPOG;"Oslo Børs";NOK;77,60;77,90;75,87;77,90;"26/06/2025 16:25";CET;9405;720077,04;77,90;26/06/2025
"SPBK 1 NORDMØRE";NO0010691660;SNOR;"Oslo Børs";NOK;162,98;164,00;161,00;161,00;"26/06/2025 16:25";CET;2519;412676,34;161,00;26/06/2025
"SPBK 1 ØSTLANDET";NO0010751910;SPOL;"Oslo Børs";NOK;189,90;191,90;189,88;190,96;"26/06/2025 16:25";CET;18800;3588208,36;190,96;26/06/2025
"SPBK1 HELGELAND";NO0010029804;HELG;"Oslo Børs";NOK;176,00;176,00;174,00;174,00;"26/06/2025 16:26";CET;558;97287,24;174,00;26/06/2025
"SPBK1 NORD-NORGE";NO0006000801;NONG;"Oslo Børs";NOK;145,00;145,30;144,06;144,64;"26/06/2025 16:25";CET;125308;18123795,60;144,64;26/06/2025
"SPBK1 RINGERIKE";NO0006390400;RING;"Oslo Børs";NOK;384,95;384,95;382,00;382,00;"26/06/2025 16:16";CET;51;19629,50;382,00;26/06/2025
"SPBK1 ØSTFOLD AKE";NO0010285562;SOAG;"Oslo Børs";NOK;416,70;416,70;416,65;416,65;"26/06/2025 11:43";CET;288;119995,45;416,65;26/06/2025
"SPIR GROUP";NO0012548819;SPIR;"Oslo Børs";NOK;9,30;9,30;9,14;9,14;"25/06/2025 16:25";CET;18898;175367,40;9,14;26/06/2025
SPOTLIO;NO0010781560;SPOT;"Euronext Growth Oslo";NOK;0,191;0,199;0,19;0,19;"26/06/2025 14:32";CET;35391;6923,29;0,19;26/06/2025
"STAINLESS TANKERS";NO0012780958;STST;"Euronext Growth Oslo";NOK;51,80;51,80;51,00;51,60;"26/06/2025 16:25";CET;7197;372445,20;51,60;26/06/2025
"STANDARD SUPPLY";NO0013384651;STSU;"Euronext Growth Oslo";NOK;34,00;35,80;31,60;32,40;"26/06/2025 16:29";CET;164695;5409165,00;32,40;26/06/2025
STOLT-NIELSEN;BMG850801025;SNI;"Oslo Børs";NOK;266,00;266,00;263,50;263,50;"26/06/2025 16:25";CET;55642;14697827,00;263,50;26/06/2025
STOREBRAND;NO0003053605;STB;"Oslo Børs";NOK;139,40;140,10;138,90;139,50;"26/06/2025 16:25";CET;506464;70646160,40;139,50;26/06/2025
STRONGPOINT;NO0010098247;STRO;"Oslo Børs";NOK;10,90;11,25;10,90;11,00;"26/06/2025 16:25";CET;58435;643465,30;11,00;26/06/2025
"SUBSEA 7";LU0075646355;SUBC;"Oslo Børs";NOK;186,20;187,10;184,10;185,10;"26/06/2025 16:25";CET;263305;48792130,70;185,10;26/06/2025
TECHSTEP;NO0012916131;TECH;"Oslo Børs";NOK;11,60;12,00;11,60;12,00;"26/06/2025 16:25";CET;216346;2543067,70;12,00;26/06/2025
"TEKNA HOLDING";NO0010951577;TEKNA;"Oslo Børs";NOK;5,04;5,04;5,04;5,04;"26/06/2025 09:19";CET;360;1814,40;5,04;26/06/2025
TELENOR;NO0010063308;TEL;"Oslo Børs";NOK;155,00;155,50;152,80;153,20;"26/06/2025 16:28";CET;1067897;163859606,90;153,20;26/06/2025
TGS;NO0003078800;TGS;"Oslo Børs";NOK;87,45;88,80;86,60;87,70;"26/06/2025 16:25";CET;251916;22127614,70;87,70;26/06/2025
"THE KINGFISH COMP";NL00150001S5;KING;"Euronext Growth Oslo";NOK;5,80;6,20;5,80;6,20;"26/06/2025 09:00";CET;7953;46401,90;6,20;26/06/2025
"THOR MEDICAL";NO0010597883;TRMED;"Oslo Børs";NOK;2,50;2,525;2,435;2,505;"26/06/2025 16:25";CET;2012312;4981454,31;2,505;26/06/2025
TIETOEVRY;FI0009000277;TIETO;"Oslo Børs";NOK;189,60;189,80;188,00;188,00;"26/06/2025 16:25";CET;1049;198631,30;188,00;26/06/2025
"TINDE SPAREBANK";NO0010759988;TINDE;"Euronext Growth Oslo";NOK;126,38;126,40;126,38;126,40;"25/06/2025 15:27";CET;3067;387667,14;126,40;26/06/2025
"TOMRA SYSTEMS";NO0012470089;TOM;"Oslo Børs";NOK;169,90;169,90;142,40;153,00;"26/06/2025 16:28";CET;2285461;347300064,70;153,00;26/06/2025
TREASURE;NO0010763550;TRE;"Oslo Børs";NOK;29,80;29,80;28,00;29,50;"26/06/2025 16:25";CET;30073;865215,40;29,50;26/06/2025
"TRØNDELAG SPBK";NO0010788268;TRSB;"Oslo Børs";NOK;116,50;118,00;116,50;117,98;"26/06/2025 14:48";CET;581;68365,36;117,98;26/06/2025
"TYSNES SPAREBANK";NO0010731615;TYSB;"Euronext Growth Oslo";NOK;136,98;136,98;136,98;136,98;"26/06/2025 15:21";CET;40;5479,20;136,98;26/06/2025
"VANTAGE DRILLING I";BMG9551V1081;VDI;"Euronext Growth Oslo";NOK;250,00;250,00;246,00;250,00;"17/06/2025 14:20";CET;3;746,00;250,00;26/06/2025
VEIDEKKE;NO0005806802;VEI;"Oslo Børs";NOK;157,80;157,80;157,00;157,40;"26/06/2025 16:25";CET;48666;7663206,80;157,40;26/06/2025
"VEND SER. A";NO0003028904;VENDA;"Oslo Børs";NOK;348,00;352,00;346,00;346,80;"26/06/2025 16:25";CET;57970;20132972,20;346,80;26/06/2025
"VEND SER. B";NO0010736879;VENDB;"Oslo Børs";NOK;331,00;335,40;329,60;330,20;"26/06/2025 16:25";CET;78108;35719077,00;330,20;26/06/2025
"VENTURA OFFSHORE";BMG730931091;VTURA;"Euronext Growth Oslo";NOK;17,75;17,75;17,40;17,75;"26/06/2025 16:25";CET;53401;935020,75;17,75;26/06/2025
"VISTIN PHARMA";NO0010734122;VISTN;"Oslo Børs";NOK;24,30;24,90;24,20;24,20;"26/06/2025 16:25";CET;5361;133436,40;24,20;26/06/2025
"VOSS VEKSEL OGLAND";NO0003025009;VVL;"Oslo Børs";NOK;380,00;380,00;380,00;380,00;"26/06/2025 14:59";CET;23;8740,00;380,00;26/06/2025
VOW;NO0010708068;VOW;"Oslo Børs";NOK;2,54;2,55;2,42;2,525;"26/06/2025 16:25";CET;555499;1392314,295;2,525;26/06/2025
"VOW GREEN METALS";NO0011037483;VGM;"Euronext Growth Oslo";NOK;0,93;0,948;0,93;0,938;"26/06/2025 15:31";CET;28608;26889,548;0,938;26/06/2025
"VÅR ENERGI";NO0011202772;VAR;"Oslo Børs";NOK;33,10;33,10;32,56;32,76;"26/06/2025 16:25";CET;3353207;109877807,12;32,76;26/06/2025
"WALLENIUS WILHELMS";NO0010571680;WAWI;"Oslo Børs";NOK;82,35;83,30;82,10;82,85;"26/06/2025 16:26";CET;411756;34096633,25;82,85;26/06/2025
WEBSTEP;NO0010609662;WSTEP;"Oslo Børs";NOK;25,20;25,20;24,60;25,00;"26/06/2025 16:15";CET;9999;247647,00;25,00;26/06/2025
"WESTERN BULK CHART";NO0010768096;WEST;"Euronext Growth Oslo";NOK;13,00;13,30;12,80;12,80;"26/06/2025 15:12";CET;3253;42146,70;12,80;26/06/2025
"WILH. WILHELMSEN A";NO0010571698;WWI;"Oslo Børs";NOK;440,50;443,50;440,50;442,50;"26/06/2025 16:25";CET;7610;3366374,00;442,50;26/06/2025
"WILH. WILHELMSEN B";NO0010576010;WWIB;"Oslo Børs";NOK;421,00;426,50;420,50;426,00;"26/06/2025 16:25";CET;1390;590954,00;426,00;26/06/2025
"XPLORA TECHNOLOGIE";NO0010895782;XPLRA;"Euronext Growth Oslo";NOK;41,50;41,50;39,80;40,10;"26/06/2025 16:26";CET;21378;869762,50;40,10;26/06/2025
XXL;NO0013293142;XXL;"Oslo Børs";NOK;9,85;9,98;9,85;9,88;"26/06/2025 16:25";CET;13627;134499,20;9,88;26/06/2025
"YARA INTERNATIONAL";NO0010208051;YAR;"Oslo Børs";NOK;376,10;378,60;363,20;364,60;"26/06/2025 16:25";CET;1052706;385676475,80;364,60;26/06/2025
ZALARIS;NO0010708910;ZAL;"Oslo Børs";NOK;77,00;78,00;76,40;77,60;"26/06/2025 16:25";CET;12745;982059,60;77,60;26/06/2025
ZAPTEC;NO0010713936;ZAP;"Oslo Børs";NOK;19,90;20,50;19,46;20,50;"26/06/2025 16:29";CET;684569;13814426,02;20,50;26/06/2025
ZELLUNA;NO0013524942;ZLNA;"Oslo Børs";NOK;13,00;13,34;13,00;13,30;"26/06/2025 16:12";CET;6087;80122,566;13,30;26/06/2025
"ZENITH ENERGY";CA98936C8584;ZENA;"Euronext Growth Oslo";NOK;2,04;2,04;1,94;1,995;"26/06/2025 16:25";CET;2439681;4824666,935;1,995;26/06/2025
